{"cameraMode":{"drawMode":0,"name":"Shaded","section":"Shading Mode"},"sceneLighting":false,"audioPlay":false,"sceneViewState":{"showFog":true,"showMaterialUpdate":false,"showSkybox":false,"showFlares":true,"showImageEffects":true,"showParticleSystems":true,"showVisualEffectGraphs":true,"m_FxEnabled":true},"in2DMode":false,"pivot":{"x":0.09192106127738953,"y":-0.08614569902420044,"z":-0.009420568123459816},"rotation":{"x":-0.17039534449577332,"y":0.6687992811203003,"z":-0.16196845471858979,"w":-0.7052991390228272},"size":1.149991750717163,"orthographic":false}