{"cameraMode":{"drawMode":0,"name":"Shaded","section":"Shading Mode"},"sceneLighting":true,"audioPlay":false,"sceneViewState":{"showFog":true,"showMaterialUpdate":false,"showSkybox":true,"showFlares":true,"showImageEffects":true,"showParticleSystems":true,"showVisualEffectGraphs":true,"m_FxEnabled":true},"in2DMode":false,"pivot":{"x":-1.3482799530029297,"y":1.3043365478515626,"z":-4.522617340087891},"rotation":{"x":-0.060252539813518527,"y":0.8795901536941528,"z":-0.11569181829690933,"w":-0.45757555961608889},"size":3.903993844985962,"orthographic":false}