{"cameraMode":{"drawMode":0,"name":"Shaded","section":"Shading Mode"},"sceneLighting":false,"audioPlay":false,"sceneViewState":{"showFog":true,"showMaterialUpdate":false,"showSkybox":false,"showFlares":true,"showImageEffects":true,"showParticleSystems":true,"showVisualEffectGraphs":true,"m_FxEnabled":true},"in2DMode":false,"pivot":{"x":0.09936296939849854,"y":-0.03528064489364624,"z":-0.08027662336826325},"rotation":{"x":-0.22403401136398316,"y":0.7460275888442993,"z":-0.30581632256507876,"w":-0.5475191473960877},"size":0.5078462362289429,"orthographic":false}