{"cameraMode":{"drawMode":0,"name":"Shaded","section":"Shading Mode"},"sceneLighting":true,"audioPlay":false,"sceneViewState":{"showFog":true,"showMaterialUpdate":false,"showSkybox":true,"showFlares":true,"showImageEffects":true,"showParticleSystems":true,"showVisualEffectGraphs":true,"m_FxEnabled":true},"in2DMode":false,"pivot":{"x":0.030306167900562288,"y":-0.3632645308971405,"z":-1.4748599529266358},"rotation":{"x":-0.003158858045935631,"y":-0.9905980229377747,"z":0.13486211001873017,"w":-0.02317618392407894},"size":0.8993799090385437,"orthographic":false}