{"cameraMode":{"drawMode":0,"name":"Shaded","section":"Shading Mode"},"sceneLighting":true,"audioPlay":false,"sceneViewState":{"showFog":true,"showMaterialUpdate":false,"showSkybox":true,"showFlares":true,"showImageEffects":true,"showParticleSystems":true,"showVisualEffectGraphs":true,"m_FxEnabled":true},"in2DMode":false,"pivot":{"x":18.044269561767579,"y":-25.571046829223634,"z":-31.148818969726564},"rotation":{"x":0.07962600141763687,"y":0.9192586541175842,"z":-0.2952904999256134,"w":0.24791954457759858},"size":22.857717514038087,"orthographic":false}