{"cameraMode":{"drawMode":0,"name":"Shaded","section":"Shading Mode"},"sceneLighting":true,"audioPlay":false,"sceneViewState":{"showFog":true,"showMaterialUpdate":false,"showSkybox":true,"showFlares":true,"showImageEffects":true,"showParticleSystems":true,"showVisualEffectGraphs":true,"m_FxEnabled":true},"in2DMode":false,"pivot":{"x":8.374217987060547,"y":2.6577181816101076,"z":-1.6447758674621583},"rotation":{"x":0.015167134813964367,"y":0.36415794491767886,"z":0.005658671259880066,"w":-0.9312247633934021},"size":1.953202486038208,"orthographic":false}