{"cameraMode":{"drawMode":0,"name":"Shaded","section":"Shading Mode"},"sceneLighting":true,"audioPlay":false,"sceneViewState":{"showFog":true,"showMaterialUpdate":false,"showSkybox":true,"showFlares":true,"showImageEffects":true,"showParticleSystems":true,"showVisualEffectGraphs":true,"m_FxEnabled":true},"in2DMode":false,"pivot":{"x":50.439998626708987,"y":11.289999961853028,"z":16.899999618530275},"rotation":{"x":0.3026989996433258,"y":-0.24124206602573396,"z":0.07951270043849945,"w":0.9186341166496277},"size":5.196152210235596,"orthographic":false}