{"cameraMode":{"drawMode":0,"name":"Shaded","section":"Shading Mode"},"sceneLighting":false,"audioPlay":false,"sceneViewState":{"showFog":true,"showMaterialUpdate":false,"showSkybox":false,"showFlares":true,"showImageEffects":true,"showParticleSystems":true,"showVisualEffectGraphs":true,"m_FxEnabled":true},"in2DMode":false,"pivot":{"x":-0.33639320731163027,"y":-0.1142689660191536,"z":0.1763869673013687},"rotation":{"x":0.09600991010665894,"y":-0.7229702472686768,"z":0.10305050760507584,"w":0.6764034032821655},"size":0.31936269998550417,"orthographic":false}