{"cameraMode":{"drawMode":0,"name":"Shaded","section":"Shading Mode"},"sceneLighting":true,"audioPlay":false,"sceneViewState":{"showFog":true,"showMaterialUpdate":false,"showSkybox":true,"showFlares":true,"showImageEffects":true,"showParticleSystems":true,"showVisualEffectGraphs":true,"m_FxEnabled":true},"in2DMode":false,"pivot":{"x":1.938821792602539,"y":1.3825435638427735,"z":2.280792236328125},"rotation":{"x":-0.21612101793289185,"y":0.009351629763841629,"z":-0.004512961022555828,"w":-0.9766348004341126},"size":3.616175889968872,"orthographic":false}