{"cameraMode":{"drawMode":0,"name":"Shaded","section":"Shading Mode"},"sceneLighting":true,"audioPlay":false,"sceneViewState":{"showFog":true,"showMaterialUpdate":false,"showSkybox":true,"showFlares":true,"showImageEffects":true,"showParticleSystems":true,"showVisualEffectGraphs":true,"m_FxEnabled":true},"in2DMode":false,"pivot":{"x":-0.3388282060623169,"y":1.7108861207962037,"z":0.21073806285858155},"rotation":{"x":0.001674396451562643,"y":0.18460528552532197,"z":-0.002445344114676118,"w":-0.9831321835517883},"size":1.1135170459747315,"orthographic":false}